what,kind,bundleId,bundleVersion,description,time
activated,workbench,org.eclipse.ui.workbench,3.7.1.v20120104-1859,"",1383521654354
deactivated,workbench,org.eclipse.ui.workbench,3.7.1.v20120104-1859,"",1383521655285
activated,workbench,org.eclipse.ui.workbench,3.7.1.v20120104-1859,"",1383521656688
deactivated,workbench,org.eclipse.ui.workbench,3.7.1.v20120104-1859,"",1383521659401
activated,workbench,org.eclipse.ui.workbench,3.7.1.v20120104-1859,"",1383521660060
executed,command,org.eclipse.ui,3.7.0.v20110928-1505,"org.eclipse.ui.file.save",1383521682580
executed,command,org.eclipse.ui,3.7.0.v20110928-1505,"org.eclipse.ui.edit.copy",1383521686050
executed,command,org.eclipse.ui,3.7.0.v20110928-1505,"org.eclipse.ui.edit.findReplace",1383521686283
deactivated,workbench,org.eclipse.ui.workbench,3.7.1.v20120104-1859,"",1383521686289
activated,workbench,org.eclipse.ui.workbench,3.7.1.v20120104-1859,"",1383521690882
executed,command,org.eclipse.ui,3.7.0.v20110928-1505,"org.eclipse.ui.file.save",1383521699384
activated,view,org.eclipse.ui.navigator.resources,3.4.300.v20110928-1505,"org.eclipse.ui.navigator.ProjectExplorer",1383521700997
deactivated,workbench,org.eclipse.ui.workbench,3.7.1.v20120104-1859,"",1383521702523
activated,workbench,org.eclipse.ui.workbench,3.7.1.v20120104-1859,"",1383521703114
deactivated,workbench,org.eclipse.ui.workbench,3.7.1.v20120104-1859,"",1383521705520
activated,workbench,org.eclipse.ui.workbench,3.7.1.v20120104-1859,"",1383521766461
activated,editor,org.eclipse.cdt.ui,5.3.2.201202111925,"org.eclipse.cdt.ui.editor.CEditor",1383521770953
executed,command,org.eclipse.ui,3.7.0.v20110928-1505,"org.eclipse.ui.file.save",1383521811391
activated,view,org.eclipse.ui.navigator.resources,3.4.300.v20110928-1505,"org.eclipse.ui.navigator.ProjectExplorer",1383521815455
deactivated,workbench,org.eclipse.ui.workbench,3.7.1.v20120104-1859,"",1383521817228
activated,workbench,org.eclipse.ui.workbench,3.7.1.v20120104-1859,"",1383521817574
deactivated,workbench,org.eclipse.ui.workbench,3.7.1.v20120104-1859,"",1383521819090
activated,workbench,org.eclipse.ui.workbench,3.7.1.v20120104-1859,"",1383521911544
activated,editor,org.eclipse.cdt.ui,5.3.2.201202111925,"org.eclipse.cdt.ui.editor.CEditor",1383521922206
executed,command,org.eclipse.ui,3.7.0.v20110928-1505,"org.eclipse.ui.file.save",1383521929423
activated,view,org.eclipse.ui.navigator.resources,3.4.300.v20110928-1505,"org.eclipse.ui.navigator.ProjectExplorer",1383521933257
deactivated,workbench,org.eclipse.ui.workbench,3.7.1.v20120104-1859,"",1383521935007
activated,workbench,org.eclipse.ui.workbench,3.7.1.v20120104-1859,"",1383521935360
deactivated,workbench,org.eclipse.ui.workbench,3.7.1.v20120104-1859,"",1383521946873
activated,workbench,org.eclipse.ui.workbench,3.7.1.v20120104-1859,"",1383594285822
deactivated,workbench,org.eclipse.ui.workbench,3.7.1.v20120104-1859,"",1383594290539
activated,workbench,org.eclipse.ui.workbench,3.7.1.v20120104-1859,"",1383594293318
deactivated,workbench,org.eclipse.ui.workbench,3.7.1.v20120104-1859,"",1383594295655
activated,workbench,org.eclipse.ui.workbench,3.7.1.v20120104-1859,"",1383594298595
deactivated,workbench,org.eclipse.ui.workbench,3.7.1.v20120104-1859,"",1383594302213
activated,workbench,org.eclipse.ui.workbench,3.7.1.v20120104-1859,"",1383594302482
deactivated,workbench,org.eclipse.ui.workbench,3.7.1.v20120104-1859,"",1383594305162
activated,workbench,org.eclipse.ui.workbench,3.7.1.v20120104-1859,"",1383594306059
deactivated,workbench,org.eclipse.ui.workbench,3.7.1.v20120104-1859,"",1383594306100
activated,workbench,org.eclipse.ui.workbench,3.7.1.v20120104-1859,"",1383594306847
deactivated,workbench,org.eclipse.ui.workbench,3.7.1.v20120104-1859,"",1383594308825
activated,workbench,org.eclipse.ui.workbench,3.7.1.v20120104-1859,"",1383600207779
deactivated,workbench,org.eclipse.ui.workbench,3.7.1.v20120104-1859,"",1383600322778
activated,workbench,org.eclipse.ui.workbench,3.7.1.v20120104-1859,"",1383689025603
deactivated,workbench,org.eclipse.ui.workbench,3.7.1.v20120104-1859,"",1383689037834
activated,workbench,org.eclipse.ui.workbench,3.7.1.v20120104-1859,"",1383689523437
deactivated,workbench,org.eclipse.ui.workbench,3.7.1.v20120104-1859,"",1383689523484
closed,workbench,org.eclipse.ui.workbench,3.7.1.v20120104-1859,"",1383689525425
stopped,bundle,org.eclipse.cdt.build.crossgcc,1.0.2.201202111925,"org.eclipse.cdt.build.crossgcc",1383689525604
stopped,bundle,org.eclipse.cdt.codan.checkers.ui,1.0.0.201202111925,"org.eclipse.cdt.codan.checkers.ui",1383689525604
stopped,bundle,com.altera.debug.cdi.gdb.plugin,13.13.0.132,"com.altera.debug.cdi.gdb.plugin",1383689525605
stopped,bundle,com.altera.sbtgui.launch,13.13.0.132,"com.altera.sbtgui.launch",1383689525605
stopped,bundle,com.altera.sbtgui.ui,13.13.0.132,"com.altera.sbtgui.ui",1383689525605
stopped,bundle,com.altera.sbtgui.project,13.13.0.132,"com.altera.sbtgui.project",1383689525605
stopped,bundle,org.eclipse.cdt.codan.checkers,1.0.1.201202111925,"org.eclipse.cdt.codan.checkers",1383689525605
stopped,bundle,org.eclipse.cdt.codan.ui.cxx,2.0.0.201202111925,"org.eclipse.cdt.codan.ui.cxx",1383689525605
stopped,bundle,org.eclipse.cdt.codan.core.cxx,1.0.0.201202111925,"org.eclipse.cdt.codan.core.cxx",1383689525605
stopped,bundle,org.eclipse.cdt.launch.remote,2.3.0.201202111925,"org.eclipse.cdt.launch.remote",1383689525605
stopped,bundle,org.eclipse.cdt.debug.mi.ui,6.1.1.201202111925,"org.eclipse.cdt.debug.mi.ui",1383689525605
stopped,bundle,org.eclipse.cdt.debug.mi.core,7.1.1.201202111925,"org.eclipse.cdt.debug.mi.core",1383689525605
stopped,bundle,org.eclipse.cdt.debug.ui.memory.memorybrowser,1.2.100.201202111925,"org.eclipse.cdt.debug.ui.memory.memorybrowser",1383689525605
stopped,bundle,org.eclipse.cdt.debug.ui.memory.search,1.2.1.201202111925,"org.eclipse.cdt.debug.ui.memory.search",1383689525605
stopped,bundle,org.eclipse.cdt.dsf.gdb.ui,2.2.1.201202111925,"org.eclipse.cdt.dsf.gdb.ui",1383689525606
stopped,bundle,org.eclipse.cdt.dsf.ui,2.2.1.201202111925,"org.eclipse.cdt.dsf.ui",1383689525606
stopped,bundle,org.eclipse.cdt.gdb.ui,7.0.0.201202111925,"org.eclipse.cdt.gdb.ui",1383689525606
stopped,bundle,org.eclipse.cdt.dsf.gdb,4.0.2.201202111925,"org.eclipse.cdt.dsf.gdb",1383689525606
stopped,bundle,org.eclipse.cdt.launch,7.0.0.201202111925,"org.eclipse.cdt.launch",1383689525607
stopped,bundle,org.eclipse.cdt.debug.ui,7.1.2.201202111925,"org.eclipse.cdt.debug.ui",1383689525607
stopped,bundle,org.eclipse.cdt.debug.ui.memory.traditional,1.2.1.201202111925,"org.eclipse.cdt.debug.ui.memory.traditional",1383689525607
stopped,bundle,org.eclipse.cdt.dsf,2.2.0.201202111925,"org.eclipse.cdt.dsf",1383689525607
stopped,bundle,org.eclipse.cdt.debug.core,7.1.0.201202111925,"org.eclipse.cdt.debug.core",1383689525607
stopped,bundle,org.eclipse.linuxtools.cdt.autotools.ui,1.0.1.201202152032,"org.eclipse.linuxtools.cdt.autotools.ui",1383689525607
stopped,bundle,org.eclipse.linuxtools.cdt.autotools.core,1.0.2.201202152032,"org.eclipse.linuxtools.cdt.autotools.core",1383689525607
stopped,bundle,org.eclipse.cdt.managedbuilder.ui,8.0.2.201202111925,"org.eclipse.cdt.managedbuilder.ui",1383689525608
stopped,bundle,org.eclipse.cdt.make.ui,7.1.2.201202111925,"org.eclipse.cdt.make.ui",1383689525609
stopped,bundle,org.eclipse.cdt.managedbuilder.gnu.ui,8.0.2.201202111925,"org.eclipse.cdt.managedbuilder.gnu.ui",1383689525609
stopped,bundle,org.eclipse.cdt.msw.build,1.0.0.201202111925,"org.eclipse.cdt.msw.build",1383689525609
stopped,bundle,org.eclipse.cdt.managedbuilder.core,8.0.2.201202111925,"org.eclipse.cdt.managedbuilder.core",1383689525609
stopped,bundle,org.eclipse.cdt.make.core,7.1.2.201202111925,"org.eclipse.cdt.make.core",1383689525609
stopped,bundle,org.eclipse.cdt.mylyn.ui,3.6.0.v20110608-1400,"org.eclipse.cdt.mylyn.ui",1383689525610
stopped,bundle,org.eclipse.cdt.codan.ui,2.0.1.201202111925,"org.eclipse.cdt.codan.ui",1383689525610
stopped,bundle,com.altera.sbtgui.flash.plugin,13.13.0.132,"com.altera.sbtgui.flash.plugin",1383689525610
stopped,bundle,com.altera.sbtgui.gprof,13.13.0.132,"com.altera.sbtgui.gprof",1383689525610
stopped,bundle,com.altera.sbtgui.core,13.13.0.132,"com.altera.sbtgui.core",1383689525610
stopped,bundle,org.eclipse.cdt.ui,5.3.2.201202111925,"org.eclipse.cdt.ui",1383689525611
stopped,bundle,org.eclipse.cdt.core,5.3.2.201202111925,"org.eclipse.cdt.core",1383689525611
stopped,bundle,org.eclipse.egit.ui,1.3.0.201202151440-r,"org.eclipse.egit.ui",1383689525612
stopped,bundle,org.eclipse.egit.core,1.3.0.201202151440-r,"org.eclipse.egit.core",1383689525612
stopped,bundle,org.eclipse.rse.importexport,1.2.200.v201105021534,"org.eclipse.rse.importexport",1383689525612
stopped,bundle,org.eclipse.rse.subsystems.shells.telnet,1.2.200.v201101042155,"org.eclipse.rse.subsystems.shells.telnet",1383689525612
stopped,bundle,org.eclipse.rse.shells.ui,3.0.301.R33x_v201107181530,"org.eclipse.rse.shells.ui",1383689525612
stopped,bundle,org.eclipse.rse.files.ui,3.2.1.R33x_v201109141647,"org.eclipse.rse.files.ui",1383689525612
stopped,bundle,org.eclipse.rse.processes.ui,3.0.300.v201101042155,"org.eclipse.rse.processes.ui",1383689525612
stopped,bundle,org.eclipse.search,3.7.0.v20110928-1504,"org.eclipse.search",1383689525616
stopped,bundle,org.eclipse.mylyn.commons.team,0.8.0.v20110608-1400,"org.eclipse.mylyn.commons.team",1383689525616
stopped,bundle,org.eclipse.mylyn.team.ui,3.6.1.v20110825-0100,"org.eclipse.mylyn.team.ui",1383689525617
stopped,bundle,org.eclipse.ui.navigator.resources,3.4.300.v20110928-1505,"org.eclipse.ui.navigator.resources",1383689525617
stopped,bundle,org.eclipse.ltk.ui.refactoring,3.6.0.v20110928-1453,"org.eclipse.ltk.ui.refactoring",1383689525617
stopped,bundle,org.eclipse.mylyn.bugzilla.ui,3.6.0.v20110608-1400,"org.eclipse.mylyn.bugzilla.ui",1383689525617
stopped,bundle,org.eclipse.mylyn.ide.ui,3.6.0.v20110608-1400,"org.eclipse.mylyn.ide.ui",1383689525617
stopped,bundle,org.eclipse.mylyn.resources.ui,3.6.0.v20110608-1400,"org.eclipse.mylyn.resources.ui",1383689525617
stopped,bundle,org.eclipse.mylyn.wikitext.tasks.ui,1.5.0.v20110608-1400,"org.eclipse.mylyn.wikitext.tasks.ui",1383689525617
stopped,bundle,org.eclipse.mylyn.context.ui,3.6.1.v20120112-0100,"org.eclipse.mylyn.context.ui",1383689525617
stopped,bundle,org.eclipse.mylyn.help.ui,3.6.1.v20110830-0100,"org.eclipse.mylyn.help.ui",1383689525617
stopped,bundle,org.eclipse.mylyn.tasks.bugs,3.6.1.v20110825-0100,"org.eclipse.mylyn.tasks.bugs",1383689525617
stopped,bundle,org.eclipse.mylyn.tasks.ui,3.6.5.v20120215-0100,"org.eclipse.mylyn.tasks.ui",1383689525617
stopped,bundle,org.eclipse.team.cvs.ui,3.3.401.v20120126-1227,"org.eclipse.team.cvs.ui",1383689525618
stopped,bundle,org.eclipse.team.ui,3.6.101.R37x_v20111109-0800,"org.eclipse.team.ui",1383689525618
stopped,bundle,org.eclipse.compare,3.5.202.R37x_v20111109-0800,"org.eclipse.compare",1383689525618
stopped,bundle,org.eclipse.cdt.debug.ui.memory.transport,2.1.0.201202111925,"org.eclipse.cdt.debug.ui.memory.transport",1383689525618
stopped,bundle,org.eclipse.ui.externaltools,3.2.0.v20111007_r372,"org.eclipse.ui.externaltools",1383689525618
stopped,bundle,org.eclipse.debug.ui,3.7.102.v20111129-1423_r372,"org.eclipse.debug.ui",1383689525622
stopped,bundle,org.eclipse.mylyn.wikitext.ui,1.5.0.v20110608-1400,"org.eclipse.mylyn.wikitext.ui",1383689525622
stopped,bundle,org.eclipse.rse.subsystems.files.dstore,2.1.201.R33x_v201109141647,"org.eclipse.rse.subsystems.files.dstore",1383689525622
stopped,bundle,org.eclipse.rse.subsystems.processes.dstore,2.1.300.v201101042155,"org.eclipse.rse.subsystems.processes.dstore",1383689525622
stopped,bundle,org.eclipse.rse.subsystems.shells.dstore,2.1.300.v201101042155,"org.eclipse.rse.subsystems.shells.dstore",1383689525622
stopped,bundle,org.eclipse.rse.connectorservice.dstore,3.1.200.v201103141607,"org.eclipse.rse.connectorservice.dstore",1383689525622
stopped,bundle,org.eclipse.rse.subsystems.files.local,2.1.200.v201101042155,"org.eclipse.rse.subsystems.files.local",1383689525622
stopped,bundle,org.eclipse.rse.subsystems.processes.local,2.1.300.v201101042155,"org.eclipse.rse.subsystems.processes.local",1383689525622
stopped,bundle,org.eclipse.rse.subsystems.shells.local,2.1.300.v201101042155,"org.eclipse.rse.subsystems.shells.local",1383689525622
stopped,bundle,org.eclipse.rse.connectorservice.local,2.1.300.v201101042155,"org.eclipse.rse.connectorservice.local",1383689525622
stopped,bundle,org.eclipse.rse.subsystems.files.ssh,2.1.200.v201101042155,"org.eclipse.rse.subsystems.files.ssh",1383689525622
stopped,bundle,org.eclipse.rse.subsystems.shells.ssh,2.1.300.v201101042155,"org.eclipse.rse.subsystems.shells.ssh",1383689525622
stopped,bundle,org.eclipse.rse.subsystems.terminals.ssh,1.0.100.v201101042155,"org.eclipse.rse.subsystems.terminals.ssh",1383689525623
stopped,bundle,org.eclipse.rse.connectorservice.ssh,2.1.200.v201101042155,"org.eclipse.rse.connectorservice.ssh",1383689525623
stopped,bundle,org.eclipse.rse.connectorservice.telnet,1.2.200.v201101042155,"org.eclipse.rse.connectorservice.telnet",1383689525623
stopped,bundle,org.eclipse.rse.dstore.security,3.0.300.v201103141607,"org.eclipse.rse.dstore.security",1383689525623
stopped,bundle,org.eclipse.rse.efs,2.1.300.v201101042155,"org.eclipse.rse.efs",1383689525623
stopped,bundle,org.eclipse.rse.subsystems.files.ftp,2.1.301.R33x_v201107212114,"org.eclipse.rse.subsystems.files.ftp",1383689525623
activated,perspective,com.altera.sbtgui.ui,,"com.altera.sbtgui.ui.cPerspective",1383691049381
started,bundle,org.eclipse.osgi,3.7.2.v20120110-1415,"org.eclipse.osgi",1383691049382
started,bundle,org.eclipse.equinox.simpleconfigurator,1.0.200.v20110815-1438,"org.eclipse.equinox.simpleconfigurator",1383691049382
started,bundle,com.ibm.icu,4.4.2.v20110823,"com.ibm.icu",1383691049382
started,bundle,org.eclipse.cdt.codan.checkers,1.0.1.201202111925,"org.eclipse.cdt.codan.checkers",1383691049382
started,bundle,org.eclipse.cdt.codan.core,2.0.0.201202111925,"org.eclipse.cdt.codan.core",1383691049382
started,bundle,org.eclipse.cdt.codan.core.cxx,1.0.0.201202111925,"org.eclipse.cdt.codan.core.cxx",1383691049382
started,bundle,org.eclipse.cdt.codan.ui,2.0.1.201202111925,"org.eclipse.cdt.codan.ui",1383691049382
started,bundle,org.eclipse.cdt.codan.ui.cxx,2.0.0.201202111925,"org.eclipse.cdt.codan.ui.cxx",1383691049382
started,bundle,org.eclipse.cdt.core,5.3.2.201202111925,"org.eclipse.cdt.core",1383691049382
started,bundle,org.eclipse.cdt.make.core,7.1.2.201202111925,"org.eclipse.cdt.make.core",1383691049382
started,bundle,org.eclipse.cdt.make.ui,7.1.2.201202111925,"org.eclipse.cdt.make.ui",1383691049382
started,bundle,org.eclipse.cdt.managedbuilder.core,8.0.2.201202111925,"org.eclipse.cdt.managedbuilder.core",1383691049382
started,bundle,org.eclipse.cdt.msw.build,1.0.0.201202111925,"org.eclipse.cdt.msw.build",1383691049382
started,bundle,org.eclipse.cdt.ui,5.3.2.201202111925,"org.eclipse.cdt.ui",1383691049382
started,bundle,org.eclipse.compare.core,3.5.200.I20110208-0800,"org.eclipse.compare.core",1383691049383
started,bundle,org.eclipse.core.contenttype,3.4.100.v20110423-0524,"org.eclipse.core.contenttype",1383691049383
started,bundle,org.eclipse.core.databinding.observable,1.4.0.I20110222-0800,"org.eclipse.core.databinding.observable",1383691049383
started,bundle,org.eclipse.core.expressions,3.4.300.v20110228,"org.eclipse.core.expressions",1383691049383
started,bundle,org.eclipse.core.filebuffers,3.5.200.v20110928-1504,"org.eclipse.core.filebuffers",1383691049383
started,bundle,org.eclipse.core.filesystem,1.3.100.v20110423-0524,"org.eclipse.core.filesystem",1383691049383
started,bundle,org.eclipse.core.jobs,3.5.101.v20120113-1953,"org.eclipse.core.jobs",1383691049383
started,bundle,org.eclipse.core.net,1.2.100.I20110511-0800,"org.eclipse.core.net",1383691049383
started,bundle,org.eclipse.core.resources,3.7.101.v20120125-1505,"org.eclipse.core.resources",1383691049383
started,bundle,org.eclipse.core.runtime,3.7.0.v20110110,"org.eclipse.core.runtime",1383691049383
started,bundle,org.eclipse.core.runtime.compatibility,3.2.100.v20100505,"org.eclipse.core.runtime.compatibility",1383691049383
started,bundle,org.eclipse.core.runtime.compatibility.auth,3.2.200.v20110110,"org.eclipse.core.runtime.compatibility.auth",1383691049383
started,bundle,org.eclipse.core.variables,3.2.500.v20110928-1503,"org.eclipse.core.variables",1383691049383
started,bundle,org.eclipse.debug.core,3.7.1.v20111129-2031,"org.eclipse.debug.core",1383691049383
started,bundle,org.eclipse.ecf.filetransfer,5.0.0.v20110531-2218,"org.eclipse.ecf.filetransfer",1383691049383
started,bundle,org.eclipse.egit.core,1.3.0.201202151440-r,"org.eclipse.egit.core",1383691049383
started,bundle,org.eclipse.egit.ui,1.3.0.201202151440-r,"org.eclipse.egit.ui",1383691049383
started,bundle,org.eclipse.epp.mpc.ui,1.1.1.I20110907-0947,"org.eclipse.epp.mpc.ui",1383691049383
started,bundle,org.eclipse.epp.usagedata.gathering,1.3.1.R201106061540,"org.eclipse.epp.usagedata.gathering",1383691049383
started,bundle,org.eclipse.epp.usagedata.recording,1.3.1.R201106061540,"org.eclipse.epp.usagedata.recording",1383691049384
started,bundle,org.eclipse.equinox.app,1.3.100.v20110321,"org.eclipse.equinox.app",1383691049384
started,bundle,org.eclipse.equinox.common,3.6.0.v20110523,"org.eclipse.equinox.common",1383691049384
started,bundle,org.eclipse.equinox.ds,1.3.1.R37x_v20110701,"org.eclipse.equinox.ds",1383691049384
started,bundle,org.eclipse.equinox.event,1.2.100.v20110502,"org.eclipse.equinox.event",1383691049384
started,bundle,org.eclipse.equinox.frameworkadmin,2.0.0.v20110815-1438,"org.eclipse.equinox.frameworkadmin",1383691049384
started,bundle,org.eclipse.equinox.frameworkadmin.equinox,1.0.300.v20110815-1438,"org.eclipse.equinox.frameworkadmin.equinox",1383691049384
started,bundle,org.eclipse.equinox.p2.artifact.repository,1.1.101.v20110815-1419,"org.eclipse.equinox.p2.artifact.repository",1383691049384
started,bundle,org.eclipse.equinox.p2.core,2.1.1.v20120113-1346,"org.eclipse.equinox.p2.core",1383691049384
started,bundle,org.eclipse.equinox.p2.director,2.1.1.v20111126-0211,"org.eclipse.equinox.p2.director",1383691049385
started,bundle,org.eclipse.equinox.p2.directorywatcher,1.0.300.v20110815-1419,"org.eclipse.equinox.p2.directorywatcher",1383691049385
started,bundle,org.eclipse.equinox.p2.engine,2.1.1.R37x_v20111003,"org.eclipse.equinox.p2.engine",1383691049385
started,bundle,org.eclipse.equinox.p2.extensionlocation,1.2.100.v20110815-1419,"org.eclipse.equinox.p2.extensionlocation",1383691049385
started,bundle,org.eclipse.equinox.p2.garbagecollector,1.0.200.v20110815-1419,"org.eclipse.equinox.p2.garbagecollector",1383691049385
started,bundle,org.eclipse.equinox.p2.metadata,2.1.0.v20110815-1419,"org.eclipse.equinox.p2.metadata",1383691049385
started,bundle,org.eclipse.equinox.p2.metadata.repository,1.2.0.v20110815-1419,"org.eclipse.equinox.p2.metadata.repository",1383691049385
started,bundle,org.eclipse.equinox.p2.operations,2.1.1.R37x_v20111111,"org.eclipse.equinox.p2.operations",1383691049385
started,bundle,org.eclipse.equinox.p2.publisher,1.2.0.v20110815-1419,"org.eclipse.equinox.p2.publisher",1383691049385
started,bundle,org.eclipse.equinox.p2.publisher.eclipse,1.0.0.v20110815-1438,"org.eclipse.equinox.p2.publisher.eclipse",1383691049385
started,bundle,org.eclipse.equinox.p2.reconciler.dropins,1.1.100.v20110815-1419,"org.eclipse.equinox.p2.reconciler.dropins",1383691049385
started,bundle,org.eclipse.equinox.p2.repository,2.1.1.v20120113-1346,"org.eclipse.equinox.p2.repository",1383691049386
started,bundle,org.eclipse.equinox.p2.touchpoint.eclipse,2.1.1.v20110815-1419,"org.eclipse.equinox.p2.touchpoint.eclipse",1383691049386
started,bundle,org.eclipse.equinox.p2.touchpoint.natives,1.0.300.v20110815-1419,"org.eclipse.equinox.p2.touchpoint.natives",1383691049386
started,bundle,org.eclipse.equinox.p2.transport.ecf,1.0.0.v20111128-0624,"org.eclipse.equinox.p2.transport.ecf",1383691049386
started,bundle,org.eclipse.equinox.p2.ui.sdk.scheduler,1.0.100.v20110815-1419,"org.eclipse.equinox.p2.ui.sdk.scheduler",1383691049386
started,bundle,org.eclipse.equinox.p2.updatechecker,1.1.200.v20110815-1419,"org.eclipse.equinox.p2.updatechecker",1383691049386
started,bundle,org.eclipse.equinox.p2.updatesite,1.0.300.v20110815-1419,"org.eclipse.equinox.p2.updatesite",1383691049386
started,bundle,org.eclipse.equinox.preferences,3.4.2.v20120111-2020,"org.eclipse.equinox.preferences",1383691049386
started,bundle,org.eclipse.equinox.registry,3.5.101.R37x_v20110810-1611,"org.eclipse.equinox.registry",1383691049386
started,bundle,org.eclipse.equinox.security,1.1.1.R37x_v20110822-1018,"org.eclipse.equinox.security",1383691049386
started,bundle,org.eclipse.equinox.simpleconfigurator.manipulator,2.0.0.v20110815-1438,"org.eclipse.equinox.simpleconfigurator.manipulator",1383691049386
started,bundle,org.eclipse.equinox.util,1.0.300.v20110502,"org.eclipse.equinox.util",1383691049386
started,bundle,org.eclipse.help,3.5.100.v20110426,"org.eclipse.help",1383691049386
started,bundle,org.eclipse.jface,3.7.0.v20110928-1505,"org.eclipse.jface",1383691049387
started,bundle,org.eclipse.jgit,1.3.0.201202151440-r,"org.eclipse.jgit",1383691049387
started,bundle,org.eclipse.jsch.core,1.1.300.I20110514-0800,"org.eclipse.jsch.core",1383691049387
started,bundle,org.eclipse.linuxtools.cdt.autotools.core,1.0.2.201202152032,"org.eclipse.linuxtools.cdt.autotools.core",1383691049387
started,bundle,org.eclipse.ltk.core.refactoring,3.5.201.r372_v20111101-0700,"org.eclipse.ltk.core.refactoring",1383691049387
started,bundle,org.eclipse.ltk.ui.refactoring,3.6.0.v20110928-1453,"org.eclipse.ltk.ui.refactoring",1383691049387
started,bundle,org.eclipse.mylyn.bugzilla.core,3.6.5.v20120123-0100,"org.eclipse.mylyn.bugzilla.core",1383691049387
started,bundle,org.eclipse.mylyn.bugzilla.ui,3.6.0.v20110608-1400,"org.eclipse.mylyn.bugzilla.ui",1383691049387
started,bundle,org.eclipse.mylyn.commons.identity,0.8.0.v20110608-1400,"org.eclipse.mylyn.commons.identity",1383691049387
started,bundle,org.eclipse.mylyn.commons.net,3.6.0.v20110608-1400,"org.eclipse.mylyn.commons.net",1383691049387
started,bundle,org.eclipse.mylyn.commons.ui,3.6.1.v20110720-0100,"org.eclipse.mylyn.commons.ui",1383691049387
started,bundle,org.eclipse.mylyn.context.core,3.6.1.v20110720-0100,"org.eclipse.mylyn.context.core",1383691049387
started,bundle,org.eclipse.mylyn.context.ui,3.6.1.v20120112-0100,"org.eclipse.mylyn.context.ui",1383691049387
started,bundle,org.eclipse.mylyn.monitor.ui,3.6.0.v20110608-1400,"org.eclipse.mylyn.monitor.ui",1383691049387
started,bundle,org.eclipse.mylyn.tasks.ui,3.6.5.v20120215-0100,"org.eclipse.mylyn.tasks.ui",1383691049387
started,bundle,org.eclipse.mylyn.team.ui,3.6.1.v20110825-0100,"org.eclipse.mylyn.team.ui",1383691049387
started,bundle,org.eclipse.search,3.7.0.v20110928-1504,"org.eclipse.search",1383691049387
started,bundle,org.eclipse.team.core,3.6.0.I20110525-0800,"org.eclipse.team.core",1383691049387
started,bundle,org.eclipse.team.cvs.core,3.3.400.I20110510-0800,"org.eclipse.team.cvs.core",1383691049387
started,bundle,org.eclipse.team.cvs.ui,3.3.401.v20120126-1227,"org.eclipse.team.cvs.ui",1383691049387
started,bundle,org.eclipse.team.ui,3.6.101.R37x_v20111109-0800,"org.eclipse.team.ui",1383691049387
started,bundle,org.eclipse.ui,3.7.0.v20110928-1505,"org.eclipse.ui",1383691049387
started,bundle,org.eclipse.ui.console,3.5.100.v20111007_r372,"org.eclipse.ui.console",1383691049387
started,bundle,org.eclipse.ui.editors,3.7.0.v20110928-1504,"org.eclipse.ui.editors",1383691049387
started,bundle,org.eclipse.ui.forms,3.5.101.v20111011-1919,"org.eclipse.ui.forms",1383691049388
started,bundle,org.eclipse.ui.ide,3.7.0.v20110928-1505,"org.eclipse.ui.ide",1383691049388
started,bundle,org.eclipse.ui.navigator,3.5.101.v20120106-1355,"org.eclipse.ui.navigator",1383691049388
started,bundle,org.eclipse.ui.navigator.resources,3.4.300.v20110928-1505,"org.eclipse.ui.navigator.resources",1383691049388
started,bundle,org.eclipse.ui.net,1.2.100.v20111208-1155,"org.eclipse.ui.net",1383691049388
started,bundle,org.eclipse.ui.views,3.6.0.v20110928-1505,"org.eclipse.ui.views",1383691049388
started,bundle,org.eclipse.ui.workbench,3.7.1.v20120104-1859,"org.eclipse.ui.workbench",1383691049388
started,bundle,org.eclipse.ui.workbench.texteditor,3.7.0.v20110928-1504,"org.eclipse.ui.workbench.texteditor",1383691049388
started,bundle,org.eclipse.update.configurator,3.3.100.v20100512,"org.eclipse.update.configurator",1383691049388
started,bundle,org.eclipse.update.core,3.2.500.v20110330,"org.eclipse.update.core",1383691049388
started,bundle,org.eclipse.update.scheduler,3.2.300.v20100512,"org.eclipse.update.scheduler",1383691049388
started,bundle,com.altera.sbtgui.core,13.1.0.162,"com.altera.sbtgui.core",1383691049388
started,bundle,com.altera.sbtgui.integration,13.1.0.162,"com.altera.sbtgui.integration",1383691049388
started,bundle,com.altera.sbtgui.launch,13.1.0.162,"com.altera.sbtgui.launch",1383691049388
started,bundle,com.altera.sbtgui.project,13.1.0.162,"com.altera.sbtgui.project",1383691049388
started,bundle,com.altera.systemconsole,13.1.0.162,"com.altera.systemconsole",1383691049388
started,bundle,com.altera.systemconsole.designs.plugin,13.1.0.162,"com.altera.systemconsole.designs.plugin",1383691049388
started,bundle,com.altera.utilities,13.1.0.162,"com.altera.utilities",1383691049388
os,sysinfo,,,"linux",1383691049391
arch,sysinfo,,,"x86",1383691049391
ws,sysinfo,,,"gtk",1383691049391
locale,sysinfo,,,"en_US",1383691049391
processors,sysinfo,,,"8",1383691049391
java.runtime.name,sysinfo,,,"Java(TM) SE Runtime Environment",1383691049391
java.runtime.version,sysinfo,,,"1.6.0_23-b05",1383691049391
java.specification.name,sysinfo,,,"Java Platform API Specification",1383691049391
java.specification.vendor,sysinfo,,,"Sun Microsystems Inc.",1383691049391
java.specification.version,sysinfo,,,"1.6",1383691049391
java.vendor,sysinfo,,,"Sun Microsystems Inc.",1383691049391
java.version,sysinfo,,,"1.6.0_23",1383691049391
java.vm.info,sysinfo,,,"mixed mode",1383691049391
java.vm.name,sysinfo,,,"Java HotSpot(TM) Server VM",1383691049391
java.vm.specification.name,sysinfo,,,"Java Virtual Machine Specification",1383691049391
java.vm.specification.vendor,sysinfo,,,"Sun Microsystems Inc.",1383691049391
